date,timestamp,metal,exchange,currency,price,prev_close_price,ch,chp
2020-01-01T10:30:00.000Z,1577874600000.0,XAU,LBMA,EUR,1355.7059,1355.7059,0.0,0.0
2020-01-02T10:30:00.000Z,1577961000000.0,XAU,LBMA,EUR,1358.483,1360.6718,-2.1889,-0.1611
2020-01-03T10:30:00.000Z,1578047400000.0,XAU,LBMA,EUR,1388.1762,1364.089,24.0872,1.7352
2020-01-04T10:30:00.000Z,1578133800000.0,XAU,LBMA,EUR,1388.1762,1388.1762,0.0,0.0
2020-01-05T10:30:00.000Z,1578220200000.0,XAU,LBMA,EUR,1388.1762,1388.1762,0.0,0.0
2020-01-06T10:30:00.000Z,1578306600000.0,XAU,LBMA,EUR,1408.6564,1382.3477,26.3087,1.8676
2020-01-07T10:30:00.000Z,1578393000000.0,XAU,LBMA,EUR,1402.1661,1411.4304,-9.2642,-0.6607
2020-01-08T10:30:00.000Z,1578479400000.0,XAU,LBMA,EUR,1424.0666,1409.3567,14.7099,1.033
2020-01-09T10:30:00.000Z,1578565800000.0,XAU,LBMA,EUR,1393.2043,1424.7075,-31.5032,-2.2612
2020-01-10T10:30:00.000Z,1578652200000.0,XAU,LBMA,EUR,1396.4476,1395.5910000000001,0.8566,0.0613
2020-01-11T10:30:00.000Z,1578738600000.0,XAU,LBMA,EUR,1396.4476,1396.4476,0.0,0.0
2020-01-12T10:30:00.000Z,1578825000000.0,XAU,LBMA,EUR,1396.4476,1396.4476,0.0,0.0
2020-01-13T10:30:00.000Z,1578911400000.0,XAU,LBMA,EUR,1393.4478,1392.0546,1.3931,0.1
2020-01-14T10:30:00.000Z,1578997800000.0,XAU,LBMA,EUR,1389.9685,1394.8268,-4.8583,-0.3495
2020-01-15T10:30:00.000Z,1579084200000.0,XAU,LBMA,EUR,1392.8379,1386.6003,6.2377,0.4478
2020-01-16T10:30:00.000Z,1579170600000.0,XAU,LBMA,EUR,1392.4255,1389.4709,2.9546,0.2122
2020-01-17T10:30:00.000Z,1579257000000.0,XAU,LBMA,EUR,1401.2423,1400.0720000000001,1.1703,0.0835
2020-01-18T10:30:00.000Z,1579343400000.0,XAU,LBMA,EUR,1401.2423,1401.2423,0.0,0.0
2020-01-19T10:30:00.000Z,1579429800000.0,XAU,LBMA,EUR,1401.2423,1401.2423,0.0,0.0
2020-01-20T10:30:00.000Z,1579516200000.0,XAU,LBMA,EUR,1406.6306,1404.1498,2.4808,0.1764
2020-01-21T10:30:00.000Z,1579602600000.0,XAU,LBMA,EUR,1400.135,1402.8339999999994,-2.6991,-0.1928
2020-01-22T10:30:00.000Z,1579689000000.0,XAU,LBMA,EUR,1405.2128,1403.5444,1.6685,0.1187
2020-01-23T10:30:00.000Z,1579775400000.0,XAU,LBMA,EUR,1401.1811,1404.8327,-3.6516,-0.2606
2020-01-24T10:30:00.000Z,1579861800000.0,XAU,LBMA,EUR,1415.3602,1408.2918,7.0684,0.4994
2020-01-25T10:30:00.000Z,1579948200000.0,XAU,LBMA,EUR,1415.3602,1415.3602,0.0,0.0
2020-01-26T10:30:00.000Z,1580034600000.0,XAU,LBMA,EUR,1415.3602,1415.3602,0.0,0.0
2020-01-27T10:30:00.000Z,1580121000000.0,XAU,LBMA,EUR,1436.2358,1416.644,19.5918,1.3641
2020-01-28T10:30:00.000Z,1580207400000.0,XAU,LBMA,EUR,1435.3476,1438.846,-3.4984,-0.2437
2020-01-29T10:30:00.000Z,1580293800000.0,XAU,LBMA,EUR,1428.2338,1435.8695,-7.6357,-0.5346
2020-01-30T10:30:00.000Z,1580380200000.0,XAU,LBMA,EUR,1432.9495,1424.6079,8.3416,0.5821
2020-01-31T10:30:00.000Z,1580466600000.0,XAU,LBMA,EUR,1430.3746,1429.9674,0.4072,0.0285
2020-02-01T10:30:00.000Z,1580553000000.0,XAU,LBMA,EUR,1430.3746,1430.3746,0.0,0.0
2020-02-02T10:30:00.000Z,1580639400000.0,XAU,LBMA,EUR,1430.3746,1430.3746,0.0,0.0
2020-02-03T10:30:00.000Z,1580725800000.0,XAU,LBMA,EUR,1426.7576,1428.565,-1.8073,-0.1267
2020-02-04T10:30:00.000Z,1580812200000.0,XAU,LBMA,EUR,1422.1579,1429.0822,-6.9243,-0.4869
2020-02-05T10:30:00.000Z,1580898600000.0,XAU,LBMA,EUR,1408.1466,1425.3833,-17.2367,-1.2241
2020-02-06T10:30:00.000Z,1580985000000.0,XAU,LBMA,EUR,1422.1122,1410.7062,11.405999999999999,0.802
2020-02-07T10:30:00.000Z,1581071400000.0,XAU,LBMA,EUR,1429.7566,1426.5202,3.2364,0.2264
2020-02-08T10:30:00.000Z,1581157800000.0,XAU,LBMA,EUR,1429.7566,1429.7566,0.0,0.0
2020-02-09T10:30:00.000Z,1581244200000.0,XAU,LBMA,EUR,1429.7566,1429.7566,0.0,0.0
2020-02-10T10:30:00.000Z,1581330600000.0,XAU,LBMA,EUR,1437.3573,1432.1067,5.2507,0.3653
2020-02-11T10:30:00.000Z,1581417000000.0,XAU,LBMA,EUR,1438.1249,1443.9501,-5.8252,-0.4051
2020-02-12T10:30:00.000Z,1581503400000.0,XAU,LBMA,EUR,1435.5415,1436.4119,-0.8704,-0.0606
2020-02-13T10:30:00.000Z,1581589800000.0,XAU,LBMA,EUR,1449.342,1441.7503,7.5918,0.5238
2020-02-14T10:30:00.000Z,1581676200000.0,XAU,LBMA,EUR,1453.9292,1452.684,1.2452,0.0856
2020-02-15T10:30:00.000Z,1581762600000.0,XAU,LBMA,EUR,1453.9292,1453.9292,0.0,0.0
2020-02-16T10:30:00.000Z,1581849000000.0,XAU,LBMA,EUR,1453.9292,1453.9292,0.0,0.0
2020-02-17T10:30:00.000Z,1581935400000.0,XAU,LBMA,EUR,1458.5141,1454.8685,3.6456,0.25
2020-02-18T10:30:00.000Z,1582021800000.0,XAU,LBMA,EUR,1468.3802,1461.0762,7.3039999999999985,0.4974
2020-02-19T10:30:00.000Z,1582108200000.0,XAU,LBMA,EUR,1490.2778,1470.5556,19.7222,1.3234
2020-02-20T10:30:00.000Z,1582194600000.0,XAU,LBMA,EUR,1492.4467,1491.6589,0.7878,0.0528
2020-02-21T10:30:00.000Z,1582281000000.0,XAU,LBMA,EUR,1512.5451,1490.9268,21.6184,1.4293
2020-02-22T10:30:00.000Z,1582367400000.0,XAU,LBMA,EUR,1512.5451,1512.5451,0.0,0.0
2020-02-23T10:30:00.000Z,1582453800000.0,XAU,LBMA,EUR,1512.5451,1512.5451,0.0,0.0
2020-02-24T10:30:00.000Z,1582540200000.0,XAU,LBMA,EUR,1555.1396,1510.1682,44.9713,2.8918
2020-02-25T10:30:00.000Z,1582626600000.0,XAU,LBMA,EUR,1527.5829999999999,1551.9834,-24.4004,-1.5973
2020-02-26T10:30:00.000Z,1582713000000.0,XAU,LBMA,EUR,1515.3563,1522.6667,-7.3103,-0.4824
2020-02-27T10:30:00.000Z,1582799400000.0,XAU,LBMA,EUR,1501.8242,1503.0555,-1.2313,-0.08199999999999999
2020-02-28T10:30:00.000Z,1582885800000.0,XAU,LBMA,EUR,1481.5979,1500.0455,-18.4477,-1.2451
2020-02-29T10:30:00.000Z,1582972200000.0,XAU,LBMA,EUR,1481.5979,1481.5979,0.0,0.0
2020-03-01T10:30:00.000Z,1583058600000.0,XAU,LBMA,EUR,1481.5979,1481.5979,0.0,0.0
2020-03-02T10:30:00.000Z,1583145000000.0,XAU,LBMA,EUR,1447.3116,1462.2820000000006,-14.9703,-1.0344
2020-03-03T10:30:00.000Z,1583231400000.0,XAU,LBMA,EUR,1438.3827,1447.9626,-9.5799,-0.6659999999999999
2020-03-04T10:30:00.000Z,1583317800000.0,XAU,LBMA,EUR,1478.4719,1437.3483,41.1236,2.7815
2020-03-05T10:30:00.000Z,1583404200000.0,XAU,LBMA,EUR,1472.6468,1470.2779999999998,2.3688,0.1609
2020-03-06T10:30:00.000Z,1583490600000.0,XAU,LBMA,EUR,1488.1793,1453.2904,34.8888,2.3444
2020-03-07T10:30:00.000Z,1583577000000.0,XAU,LBMA,EUR,1488.1793,1488.1793,0.0,0.0
2020-03-08T10:30:00.000Z,1583663400000.0,XAU,LBMA,EUR,1488.1793,1488.1793,0.0,0.0
2020-03-09T10:30:00.000Z,1583749800000.0,XAU,LBMA,EUR,1463.5126,1472.5908,-9.0782,-0.6203
2020-03-10T10:30:00.000Z,1583836200000.0,XAU,LBMA,EUR,1455.1361,1471.993,-16.8569,-1.1584
2020-03-11T10:30:00.000Z,1583922600000.0,XAU,LBMA,EUR,1466.5667,1462.0677,4.4989,0.3068
2020-03-12T10:30:00.000Z,1584009000000.0,XAU,LBMA,EUR,1456.0943,1479.0925,-22.9982,-1.5794
2020-03-13T10:30:00.000Z,1584095400000.0,XAU,LBMA,EUR,1430.2504,1473.9283,-43.678000000000004,-3.0539
2020-03-14T10:30:00.000Z,1584181800000.0,XAU,LBMA,EUR,1430.2504,1430.2504,0.0,0.0
2020-03-15T10:30:00.000Z,1584268200000.0,XAU,LBMA,EUR,1430.2504,1430.2504,0.0,0.0
2020-03-16T10:30:00.000Z,1584354600000.0,XAU,LBMA,EUR,1348.6152,1423.4561,-74.8409,-5.5495
2020-03-17T10:30:00.000Z,1584441000000.0,XAU,LBMA,EUR,1340.6939,1370.1056,-29.4118,-2.1938
2020-03-18T10:30:00.000Z,1584527400000.0,XAU,LBMA,EUR,1377.355,1346.5795,30.7756,2.2344
2020-03-19T10:30:00.000Z,1584613800000.0,XAU,LBMA,EUR,1370.8916,1394.3153,-23.4238,-1.7087
2020-03-20T10:30:00.000Z,1584700200000.0,XAU,LBMA,EUR,1405.1088,1382.9271,22.1818,1.5787
2020-03-21T10:30:00.000Z,1584786600000.0,XAU,LBMA,EUR,1405.1088,1405.1088,0.0,0.0
2020-03-22T10:30:00.000Z,1584873000000.0,XAU,LBMA,EUR,1405.1088,1405.1088,0.0,0.0
2020-03-23T10:30:00.000Z,1584959400000.0,XAU,LBMA,EUR,1385.9779,1395.2054,-9.2275,-0.6658
2020-03-24T10:30:00.000Z,1585045800000.0,XAU,LBMA,EUR,1475.1453,1378.3086,96.8367,6.5646
2020-03-25T10:30:00.000Z,1585132200000.0,XAU,LBMA,EUR,1497.1368,1477.3252,19.8116,1.3233
2020-03-26T10:30:00.000Z,1585218600000.0,XAU,LBMA,EUR,1475.3665,1476.1406,-0.7741,-0.0525
2020-03-27T10:30:00.000Z,1585305000000.0,XAU,LBMA,EUR,1476.9063,1475.9042,1.0021,0.0679
2020-03-28T10:30:00.000Z,1585391400000.0,XAU,LBMA,EUR,1476.9063,1476.9063,0.0,0.0
2020-03-29T09:30:00.000Z,1585474200000.0,XAU,LBMA,EUR,1476.9063,1476.9063,0.0,0.0
2020-03-30T09:30:00.000Z,1585560600000.0,XAU,LBMA,EUR,1472.2222,1469.2768,2.9454,0.2001
2020-03-31T09:30:00.000Z,1585647000000.0,XAU,LBMA,EUR,1464.6313,1482.7035,-18.0723,-1.2339
2020-04-01T09:30:00.000Z,1585733400000.0,XAU,LBMA,EUR,1457.7999,1467.3098,-9.5099,-0.6523
2020-04-02T09:30:00.000Z,1585819800000.0,XAU,LBMA,EUR,1456.1251,1461.81,-5.6849,-0.3904
2020-04-03T09:30:00.000Z,1585906200000.0,XAU,LBMA,EUR,1492.5823,1472.4618,20.1205,1.348
2020-04-04T09:30:00.000Z,1585992600000.0,XAU,LBMA,EUR,1492.5823,1492.5823,0.0,0.0
2020-04-05T09:30:00.000Z,1586079000000.0,XAU,LBMA,EUR,1492.5823,1492.5823,0.0,0.0
2020-04-06T09:30:00.000Z,1586165400000.0,XAU,LBMA,EUR,1516.6342,1491.7524,24.8818,1.6406
2020-04-07T09:30:00.000Z,1586251800000.0,XAU,LBMA,EUR,1517.8686,1503.537,14.3316,0.9442
2020-04-08T09:30:00.000Z,1586338200000.0,XAU,LBMA,EUR,1516.9258,1519.8234,-2.8976,-0.191
2020-04-09T09:30:00.000Z,1586424600000.0,XAU,LBMA,EUR,1529.861,1517.4841,12.3769,0.809
2020-04-10T09:30:00.000Z,1586511000000.0,XAU,LBMA,EUR,1529.861,1529.861,0.0,0.0
2020-04-11T09:30:00.000Z,1586597400000.0,XAU,LBMA,EUR,1529.861,1529.861,0.0,0.0
2020-04-12T09:30:00.000Z,1586683800000.0,XAU,LBMA,EUR,1529.861,1529.861,0.0,0.0
2020-04-13T09:30:00.000Z,1586770200000.0,XAU,LBMA,EUR,1529.861,1529.861,0.0,0.0
2020-04-14T09:30:00.000Z,1586856600000.0,XAU,LBMA,EUR,1565.1282,1516.4645,48.6637,3.1092
2020-04-15T09:30:00.000Z,1586943000000.0,XAU,LBMA,EUR,1570.4393,1573.7412,-3.3018,-0.2102
2020-04-16T09:30:00.000Z,1587029400000.0,XAU,LBMA,EUR,1577.7461,1572.6029,5.1433,0.326
2020-04-17T09:30:00.000Z,1587115800000.0,XAU,LBMA,EUR,1559.07,1581.8139999999999,-22.744,-1.4588
2020-04-18T09:30:00.000Z,1587202200000.0,XAU,LBMA,EUR,1559.07,1559.07,0.0,0.0
2020-04-19T09:30:00.000Z,1587288600000.0,XAU,LBMA,EUR,1559.07,1559.07,0.0,0.0
2020-04-20T09:30:00.000Z,1587375000000.0,XAU,LBMA,EUR,1551.5193,1559.07,-7.5506,-0.4867
2020-04-21T09:30:00.000Z,1587461400000.0,XAU,LBMA,EUR,1548.9527,1554.8122,-5.8596,-0.3783
2020-04-22T09:30:00.000Z,1587547800000.0,XAU,LBMA,EUR,1566.8078,1544.6765,22.1312,1.4125
2020-04-23T09:30:00.000Z,1587634200000.0,XAU,LBMA,EUR,1603.7412,1580.6257,23.1155,1.4413
2020-04-24T09:30:00.000Z,1587720600000.0,XAU,LBMA,EUR,1599.3056,1599.5833,-0.2778,-0.0174
2020-04-25T09:30:00.000Z,1587807000000.0,XAU,LBMA,EUR,1599.3056,1599.3056,0.0,0.0
2020-04-26T09:30:00.000Z,1587893400000.0,XAU,LBMA,EUR,1599.3056,1599.3056,0.0,0.0
2020-04-27T09:30:00.000Z,1587979800000.0,XAU,LBMA,EUR,1582.4272,1591.6421,-9.2149,-0.5823
2020-04-28T09:30:00.000Z,1588066200000.0,XAU,LBMA,EUR,1570.3779,1578.7901,-8.4122,-0.5357
2020-04-29T09:30:00.000Z,1588152600000.0,XAU,LBMA,EUR,1573.5104,1575.4473,-1.9369,-0.1231
2020-04-30T09:30:00.000Z,1588239000000.0,XAU,LBMA,EUR,1578.4755,1568.5914,9.8841,0.6262
2020-05-01T09:30:00.000Z,1588325400000.0,XAU,LBMA,EUR,1538.2953,1578.4755,-40.1802,-2.612
2020-05-02T09:30:00.000Z,1588411800000.0,XAU,LBMA,EUR,1538.2953,1538.2953,0.0,0.0
2020-05-03T09:30:00.000Z,1588498200000.0,XAU,LBMA,EUR,1538.2953,1538.2953,0.0,0.0
2020-05-04T09:30:00.000Z,1588584600000.0,XAU,LBMA,EUR,1557.0279999999998,1529.0166,28.0113,1.7990000000000002
2020-05-05T09:30:00.000Z,1588671000000.0,XAU,LBMA,EUR,1564.4194,1571.2441,-6.8247,-0.4362
2020-05-06T09:30:00.000Z,1588757400000.0,XAU,LBMA,EUR,1572.0366,1569.6308,2.4058,0.153
2020-05-07T09:30:00.000Z,1588843800000.0,XAU,LBMA,EUR,1566.0299,1575.5356,-9.5057,-0.607
2020-05-08T09:30:00.000Z,1588930200000.0,XAU,LBMA,EUR,1557.3642,1557.3642,0.0,0.0
2020-05-09T09:30:00.000Z,1589016600000.0,XAU,LBMA,EUR,1557.3642,1557.3642,0.0,0.0
2020-05-10T09:30:00.000Z,1589103000000.0,XAU,LBMA,EUR,1557.3642,1557.3642,0.0,0.0
2020-05-11T09:30:00.000Z,1589189400000.0,XAU,LBMA,EUR,1569.4752,1560.0979,9.3773,0.5975
2020-05-12T09:30:00.000Z,1589275800000.0,XAU,LBMA,EUR,1568.8432,1564.5607,4.2826,0.273
2020-05-13T09:30:00.000Z,1589362200000.0,XAU,LBMA,EUR,1563.0805,1566.3908,-3.3103,-0.2118
2020-05-14T09:30:00.000Z,1589448600000.0,XAU,LBMA,EUR,1590.4374,1575.1019,15.3354,0.9642
2020-05-15T09:30:00.000Z,1589535000000.0,XAU,LBMA,EUR,1606.6401,1589.5536,17.0865,1.0635
2020-05-16T09:30:00.000Z,1589621400000.0,XAU,LBMA,EUR,1606.6401,1606.6401,0.0,0.0
2020-05-17T09:30:00.000Z,1589707800000.0,XAU,LBMA,EUR,1606.6401,1606.6401,0.0,0.0
2020-05-18T09:30:00.000Z,1589794200000.0,XAU,LBMA,EUR,1621.9535,1601.5971,20.3564,1.2551
2020-05-19T09:30:00.000Z,1589880600000.0,XAU,LBMA,EUR,1584.7032,1604.4749,-19.7717,-1.2477
2020-05-20T09:30:00.000Z,1589967000000.0,XAU,LBMA,EUR,1597.0524,1583.5463,13.5061,0.8457
2020-05-21T09:30:00.000Z,1590053400000.0,XAU,LBMA,EUR,1575.2727,1590.9545,-15.6818,-0.9955
2020-05-22T09:30:00.000Z,1590139800000.0,XAU,LBMA,EUR,1588.8206,1589.1416,-0.321,-0.0202
2020-05-23T09:30:00.000Z,1590226200000.0,XAU,LBMA,EUR,1588.8206,1588.8206,0.0,0.0
2020-05-24T09:30:00.000Z,1590312600000.0,XAU,LBMA,EUR,1588.8206,1588.8206,0.0,0.0
2020-05-25T09:30:00.000Z,1590399000000.0,XAU,LBMA,EUR,1587.9468,1587.9468,0.0,0.0
2020-05-26T09:30:00.000Z,1590485400000.0,XAU,LBMA,EUR,1569.7039,1578.5421,-8.8383,-0.5631
2020-05-27T09:30:00.000Z,1590571800000.0,XAU,LBMA,EUR,1551.4057,1567.4188,-16.0131,-1.0322
2020-05-28T09:30:00.000Z,1590658200000.0,XAU,LBMA,EUR,1564.3609,1547.8849,16.476,1.0532
2020-05-29T09:30:00.000Z,1590744600000.0,XAU,LBMA,EUR,1549.6139,1547.5036,2.1103,0.1362
2020-05-30T09:30:00.000Z,1590831000000.0,XAU,LBMA,EUR,1549.6139,1549.6139,0.0,0.0
2020-05-31T09:30:00.000Z,1590917400000.0,XAU,LBMA,EUR,1549.6139,1549.6139,0.0,0.0
2020-06-01T09:30:00.000Z,1591003800000.0,XAU,LBMA,EUR,1560.6333,1552.4019,8.2314,0.5274
2020-06-02T09:30:00.000Z,1591090200000.0,XAU,LBMA,EUR,1557.4101,1552.5327,4.8774,0.3132
2020-06-03T09:30:00.000Z,1591176600000.0,XAU,LBMA,EUR,1534.3934,1554.6275,-20.2341,-1.3187
2020-06-04T09:30:00.000Z,1591263000000.0,XAU,LBMA,EUR,1516.8444,1526.7556,-9.9111,-0.6534
2020-06-05T09:30:00.000Z,1591349400000.0,XAU,LBMA,EUR,1508.8703,1506.1342,2.7361,0.1813
2020-06-06T09:30:00.000Z,1591435800000.0,XAU,LBMA,EUR,1508.8703,1508.8703,0.0,0.0
2020-06-07T09:30:00.000Z,1591522200000.0,XAU,LBMA,EUR,1508.8703,1508.8703,0.0,0.0
2020-06-08T09:30:00.000Z,1591608600000.0,XAU,LBMA,EUR,1499.3354,1514.8870000000006,-15.5516,-1.0372
2020-06-09T09:30:00.000Z,1591695000000.0,XAU,LBMA,EUR,1511.8647,1498.1406,13.7241,0.9078
2020-06-10T09:30:00.000Z,1591781400000.0,XAU,LBMA,EUR,1510.0220000000006,1501.0989,8.9231,0.5909
2020-06-11T09:30:00.000Z,1591867800000.0,XAU,LBMA,EUR,1526.172,1513.6147,12.5573,0.8228
2020-06-12T09:30:00.000Z,1591954200000.0,XAU,LBMA,EUR,1535.6069,1532.1125,3.4943,0.2276
2020-06-13T09:30:00.000Z,1592040600000.0,XAU,LBMA,EUR,1535.6069,1535.6069,0.0,0.0
2020-06-14T09:30:00.000Z,1592127000000.0,XAU,LBMA,EUR,1535.6069,1535.6069,0.0,0.0
2020-06-15T09:30:00.000Z,1592213400000.0,XAU,LBMA,EUR,1519.9502,1542.5664,-22.6162,-1.4880000000000002
2020-06-16T09:30:00.000Z,1592299800000.0,XAU,LBMA,EUR,1528.4312,1512.5575,15.8737,1.0386
2020-06-17T09:30:00.000Z,1592386200000.0,XAU,LBMA,EUR,1528.9352,1538.7731,-9.838,-0.6435
2020-06-18T09:30:00.000Z,1592472600000.0,XAU,LBMA,EUR,1543.9761,1530.2976,13.6785,0.8859
2020-06-19T09:30:00.000Z,1592559000000.0,XAU,LBMA,EUR,1541.9715,1545.6289,-3.6574,-0.2372
2020-06-20T09:30:00.000Z,1592645400000.0,XAU,LBMA,EUR,1541.9715,1541.9715,0.0,0.0
2020-06-21T09:30:00.000Z,1592731800000.0,XAU,LBMA,EUR,1541.9715,1541.9715,0.0,0.0
2020-06-22T09:30:00.000Z,1592818200000.0,XAU,LBMA,EUR,1556.6307,1541.5589,15.0718,0.9682
2020-06-23T09:30:00.000Z,1592904600000.0,XAU,LBMA,EUR,1552.0410000000006,1542.1894,9.8516,0.6348
2020-06-24T09:30:00.000Z,1592991000000.0,XAU,LBMA,EUR,1574.2021,1557.2695,16.9326,1.0756
2020-06-25T09:30:00.000Z,1593077400000.0,XAU,LBMA,EUR,1570.1339,1585.4464,-15.3125,-0.9752
2020-06-26T09:30:00.000Z,1593163800000.0,XAU,LBMA,EUR,1571.4795,1568.3136,3.1660000000000004,0.2015
2020-06-27T09:30:00.000Z,1593250200000.0,XAU,LBMA,EUR,1571.4795,1571.4795,0.0,0.0
2020-06-28T09:30:00.000Z,1593336600000.0,XAU,LBMA,EUR,1571.4795,1571.4795,0.0,0.0
2020-06-29T09:30:00.000Z,1593423000000.0,XAU,LBMA,EUR,1567.5292,1561.5916,5.9376,0.3788
2020-06-30T09:30:00.000Z,1593509400000.0,XAU,LBMA,EUR,1581.2645,1579.5678,1.6967,0.1073
2020-07-01T09:30:00.000Z,1593595800000.0,XAU,LBMA,EUR,1595.8929,1580.9821,14.9107,0.9343
2020-07-02T09:30:00.000Z,1593682200000.0,XAU,LBMA,EUR,1569.9539,1583.7321,-13.7781,-0.8776
2020-07-03T09:30:00.000Z,1593768600000.0,XAU,LBMA,EUR,1581.1208,1578.6262,2.4947,0.1578
2020-07-04T09:30:00.000Z,1593855000000.0,XAU,LBMA,EUR,1581.1208,1581.1208,0.0,0.0
2020-07-05T09:30:00.000Z,1593941400000.0,XAU,LBMA,EUR,1581.1208,1581.1208,0.0,0.0
2020-07-06T09:30:00.000Z,1594027800000.0,XAU,LBMA,EUR,1566.7991,1567.0199,-0.2208,-0.0141
2020-07-07T09:30:00.000Z,1594114200000.0,XAU,LBMA,EUR,1572.6306,1571.6563,0.9743,0.062
2020-07-08T09:30:00.000Z,1594200600000.0,XAU,LBMA,EUR,1594.3204,1573.1879999999999,21.1324,1.3255
2020-07-09T09:30:00.000Z,1594287000000.0,XAU,LBMA,EUR,1597.9986,1586.4486,11.55,0.7228
2020-07-10T09:30:00.000Z,1594373400000.0,XAU,LBMA,EUR,1601.4101,1607.3519,-5.9418,-0.371
2020-07-11T09:30:00.000Z,1594459800000.0,XAU,LBMA,EUR,1601.4101,1601.4101,0.0,0.0
2020-07-12T09:30:00.000Z,1594546200000.0,XAU,LBMA,EUR,1601.4101,1601.4101,0.0,0.0
2020-07-13T09:30:00.000Z,1594632600000.0,XAU,LBMA,EUR,1595.9485,1593.9183,2.0302,0.1272
2020-07-14T09:30:00.000Z,1594719000000.0,XAU,LBMA,EUR,1580.8352,1589.4945,-8.6593,-0.5478
2020-07-15T09:30:00.000Z,1594805400000.0,XAU,LBMA,EUR,1581.0031,1571.3037,9.6994,0.6135
2020-07-16T09:30:00.000Z,1594891800000.0,XAU,LBMA,EUR,1581.0408,1585.1586,-4.1178,-0.2604
2020-07-17T09:30:00.000Z,1594978200000.0,XAU,LBMA,EUR,1577.6164,1579.104,-1.4876,-0.0943
2020-07-18T09:30:00.000Z,1595064600000.0,XAU,LBMA,EUR,1577.6164,1577.6164,0.0,0.0
2020-07-19T09:30:00.000Z,1595151000000.0,XAU,LBMA,EUR,1577.6164,1577.6164,0.0,0.0
2020-07-20T09:30:00.000Z,1595237400000.0,XAU,LBMA,EUR,1581.3242,1574.8602,6.4639999999999995,0.4088
2020-07-21T09:30:00.000Z,1595323800000.0,XAU,LBMA,EUR,1593.2885,1582.0152,11.2733,0.7075
2020-07-22T09:30:00.000Z,1595410200000.0,XAU,LBMA,EUR,1598.7217,1574.7107,24.0111,1.5019
2020-07-23T09:30:00.000Z,1595496600000.0,XAU,LBMA,EUR,1627.0637,1599.9654,27.0983,1.6655
2020-07-24T09:30:00.000Z,1595583000000.0,XAU,LBMA,EUR,1631.5041,1621.5972,9.907,0.6072
2020-07-25T09:30:00.000Z,1595669400000.0,XAU,LBMA,EUR,1631.5041,1631.5041,0.0,0.0
2020-07-26T09:30:00.000Z,1595755800000.0,XAU,LBMA,EUR,1631.5041,1631.5041,0.0,0.0
2020-07-27T09:30:00.000Z,1595842200000.0,XAU,LBMA,EUR,1650.1276,1610.4167,39.7109,2.4065
2020-07-28T09:30:00.000Z,1595928600000.0,XAU,LBMA,EUR,1648.5875,1656.1833,-7.5958,-0.4607
2020-07-29T09:30:00.000Z,1596015000000.0,XAU,LBMA,EUR,1666.8229999999999,1647.4627,19.3603,1.1615
2020-07-30T09:30:00.000Z,1596101400000.0,XAU,LBMA,EUR,1662.4372,1664.2681,-1.8309,-0.1101
2020-07-31T09:30:00.000Z,1596187800000.0,XAU,LBMA,EUR,1647.7043,1647.7043,0.0,0.0
2020-08-01T09:30:00.000Z,1596274200000.0,XAU,LBMA,EUR,1647.7043,1647.7043,0.0,0.0
2020-08-02T09:30:00.000Z,1596360600000.0,XAU,LBMA,EUR,1647.7043,1647.7043,0.0,0.0
2020-08-03T09:30:00.000Z,1596447000000.0,XAU,LBMA,EUR,1682.5431,1664.8473,17.6957,1.0517
2020-08-04T09:30:00.000Z,1596533400000.0,XAU,LBMA,EUR,1676.3706,1676.9656,-0.595,-0.0355
2020-08-05T09:30:00.000Z,1596619800000.0,XAU,LBMA,EUR,1716.2561,1663.7844,52.4717,3.0573
2020-08-06T09:30:00.000Z,1596706200000.0,XAU,LBMA,EUR,1730.2626,1717.8502,12.4124,0.7174
2020-08-07T09:30:00.000Z,1596792600000.0,XAU,LBMA,EUR,1744.5206,1734.0696,10.450999999999999,0.5991
2020-08-08T09:30:00.000Z,1596879000000.0,XAU,LBMA,EUR,1744.5206,1744.5206,0.0,0.0
2020-08-09T09:30:00.000Z,1596965400000.0,XAU,LBMA,EUR,1744.5206,1744.5206,0.0,0.0
2020-08-10T09:30:00.000Z,1597051800000.0,XAU,LBMA,EUR,1726.0053,1752.5291,-26.5238,-1.5367
2020-08-11T09:30:00.000Z,1597138200000.0,XAU,LBMA,EUR,1723.0756,1723.0756,0.0,0.0
2020-08-12T09:30:00.000Z,1597224600000.0,XAU,LBMA,EUR,1724.8322,1724.8322,0.0,0.0
2020-08-13T09:30:00.000Z,1597311000000.0,XAU,LBMA,EUR,1715.7948,1715.7948,0.0,0.0
2020-08-14T09:30:00.000Z,1597397400000.0,XAU,LBMA,EUR,1649.2847,1718.6997,-69.4151,-4.2088
2020-08-15T09:30:00.000Z,1597483800000.0,XAU,LBMA,EUR,1649.2847,1649.2847,0.0,0.0
2020-08-16T09:30:00.000Z,1597570200000.0,XAU,LBMA,EUR,1649.2847,1649.2847,0.0,0.0
2020-08-17T09:30:00.000Z,1597656600000.0,XAU,LBMA,EUR,1645.0266,1643.7189,1.3077,0.0795
2020-08-18T09:30:00.000Z,1597743000000.0,XAU,LBMA,EUR,1684.1508,1637.7037,46.4472,2.7579
2020-08-19T09:30:00.000Z,1597829400000.0,XAU,LBMA,EUR,1670.2841,1680.3402,-10.0561,-0.6021
2020-08-20T09:30:00.000Z,1597915800000.0,XAU,LBMA,EUR,1627.0464,1681.9831,-54.9367,-3.3765
2020-08-21T09:30:00.000Z,1598002200000.0,XAU,LBMA,EUR,1642.3231,1638.2445,4.0785,0.2483
2020-08-22T09:30:00.000Z,1598088600000.0,XAU,LBMA,EUR,1642.3231,1642.3231,0.0,0.0
2020-08-23T09:30:00.000Z,1598175000000.0,XAU,LBMA,EUR,1642.3231,1642.3231,0.0,0.0
2020-08-24T09:30:00.000Z,1598261400000.0,XAU,LBMA,EUR,1643.9183,1631.5101,12.4082,0.7548
2020-08-25T09:30:00.000Z,1598347800000.0,XAU,LBMA,EUR,1629.8036,1648.5102,-18.7066,-1.1478
2020-08-26T09:30:00.000Z,1598434200000.0,XAU,LBMA,EUR,1627.3645,1633.2598,-5.8953,-0.3623
2020-08-27T09:30:00.000Z,1598520600000.0,XAU,LBMA,EUR,1642.2158,1625.0212,17.1946,1.047
2020-08-28T09:30:00.000Z,1598607000000.0,XAU,LBMA,EUR,1641.5023,1627.1926,14.3097,0.8717
2020-08-29T09:30:00.000Z,1598693400000.0,XAU,LBMA,EUR,1641.5023,1641.5023,0.0,0.0
2020-08-30T09:30:00.000Z,1598779800000.0,XAU,LBMA,EUR,1641.5023,1641.5023,0.0,0.0
2020-08-31T09:30:00.000Z,1598866200000.0,XAU,LBMA,EUR,1638.0653,1638.0653,0.0,0.0
2020-09-01T09:30:00.000Z,1598952600000.0,XAU,LBMA,EUR,1658.4216,1631.6426,26.779,1.6147
2020-09-02T09:30:00.000Z,1599039000000.0,XAU,LBMA,EUR,1660.0624,1676.0391,-15.9767,-0.9624
2020-09-03T09:30:00.000Z,1599125400000.0,XAU,LBMA,EUR,1637.264,1666.8078,-29.5437,-1.8045
2020-09-04T09:30:00.000Z,1599211800000.0,XAU,LBMA,EUR,1636.2101,1633.2545,2.9556,0.1806
2020-09-05T09:30:00.000Z,1599298200000.0,XAU,LBMA,EUR,1636.2101,1636.2101,0.0,0.0
2020-09-06T09:30:00.000Z,1599384600000.0,XAU,LBMA,EUR,1636.2101,1636.2101,0.0,0.0
2020-09-07T09:30:00.000Z,1599471000000.0,XAU,LBMA,EUR,1630.9202,1638.7009,-7.7808,-0.4771
2020-09-08T09:30:00.000Z,1599557400000.0,XAU,LBMA,EUR,1629.6988,1636.3174,-6.6186,-0.4061
2020-09-09T09:30:00.000Z,1599643800000.0,XAU,LBMA,EUR,1637.9852,1631.3599,6.6253,0.4045
2020-09-10T09:30:00.000Z,1599730200000.0,XAU,LBMA,EUR,1641.3199,1627.4791,13.8408,0.8433
2020-09-11T09:30:00.000Z,1599816600000.0,XAU,LBMA,EUR,1640.3746,1640.6276,-0.2531,-0.0154
2020-09-12T09:30:00.000Z,1599903000000.0,XAU,LBMA,EUR,1640.3746,1640.3746,0.0,0.0
2020-09-13T09:30:00.000Z,1599989400000.0,XAU,LBMA,EUR,1640.3746,1640.3746,0.0,0.0
2020-09-14T09:30:00.000Z,1600075800000.0,XAU,LBMA,EUR,1635.4833,1637.3358,-1.8525,-0.1133
2020-09-15T09:30:00.000Z,1600162200000.0,XAU,LBMA,EUR,1651.152,1633.2829,17.8692,1.0822
2020-09-16T09:30:00.000Z,1600248600000.0,XAU,LBMA,EUR,1655.4048,1654.3517,1.0532,0.0636
2020-09-17T09:30:00.000Z,1600335000000.0,XAU,LBMA,EUR,1641.18,1665.5082,-24.3282,-1.4824
2020-09-18T09:30:00.000Z,1600421400000.0,XAU,LBMA,EUR,1651.9479,1636.1869,15.761,0.9541
2020-09-19T09:30:00.000Z,1600507800000.0,XAU,LBMA,EUR,1651.9479,1651.9479,0.0,0.0
2020-09-20T09:30:00.000Z,1600594200000.0,XAU,LBMA,EUR,1651.9479,1651.9479,0.0,0.0
2020-09-21T09:30:00.000Z,1600680600000.0,XAU,LBMA,EUR,1638.1607,1658.3948,-20.2342,-1.2352
2020-09-22T09:30:00.000Z,1600767000000.0,XAU,LBMA,EUR,1621.0392,1644.7189,-23.6797,-1.4608
2020-09-23T09:30:00.000Z,1600853400000.0,XAU,LBMA,EUR,1614.8649,1627.6941,-12.8293,-0.7945
2020-09-24T09:30:00.000Z,1600939800000.0,XAU,LBMA,EUR,1589.3087,1621.3826,-32.0739,-2.0181
2020-09-25T09:30:00.000Z,1601026200000.0,XAU,LBMA,EUR,1607.4007,1590.8114,16.5893,1.0321
2020-09-26T09:30:00.000Z,1601112600000.0,XAU,LBMA,EUR,1607.4007,1607.4007,0.0,0.0
2020-09-27T09:30:00.000Z,1601199000000.0,XAU,LBMA,EUR,1607.4007,1607.4007,0.0,0.0
2020-09-28T09:30:00.000Z,1601285400000.0,XAU,LBMA,EUR,1586.0754,1602.4422,-16.3668,-1.0319
2020-09-29T09:30:00.000Z,1601371800000.0,XAU,LBMA,EUR,1608.6139,1581.7382,26.8757,1.6707
2020-09-30T09:30:00.000Z,1601458200000.0,XAU,LBMA,EUR,1608.6437,1607.7895,0.8541,0.0531
2020-10-01T09:30:00.000Z,1601544600000.0,XAU,LBMA,EUR,1612.9595,1602.6208,10.3387,0.6409999999999999
2020-10-02T09:30:00.000Z,1601631000000.0,XAU,LBMA,EUR,1625.2344,1615.9847,9.2498,0.5691
2020-10-03T09:30:00.000Z,1601717400000.0,XAU,LBMA,EUR,1625.2344,1625.2344,0.0,0.0
2020-10-04T09:30:00.000Z,1601803800000.0,XAU,LBMA,EUR,1625.2344,1625.2344,0.0,0.0
2020-10-05T09:30:00.000Z,1601890200000.0,XAU,LBMA,EUR,1614.2505,1619.9864,-5.7359,-0.3553
2020-10-06T09:30:00.000Z,1601976600000.0,XAU,LBMA,EUR,1621.4498,1610.5553,10.8944,0.6719
2020-10-07T09:30:00.000Z,1602063000000.0,XAU,LBMA,EUR,1604.0782,1624.8938,-20.8156,-1.2977
2020-10-08T09:30:00.000Z,1602149400000.0,XAU,LBMA,EUR,1607.6073,1604.7599,2.8474,0.1771
2020-10-09T09:30:00.000Z,1602235800000.0,XAU,LBMA,EUR,1621.365,1603.5184,17.8465,1.1007
2020-10-10T09:30:00.000Z,1602322200000.0,XAU,LBMA,EUR,1621.365,1621.365,0.0,0.0
2020-10-11T09:30:00.000Z,1602408600000.0,XAU,LBMA,EUR,1621.365,1621.365,0.0,0.0
2020-10-12T09:30:00.000Z,1602495000000.0,XAU,LBMA,EUR,1627.0870000000002,1620.8153,6.2717,0.3855
2020-10-13T09:30:00.000Z,1602581400000.0,XAU,LBMA,EUR,1629.5919,1628.7435,0.8484,0.0521
2020-10-14T09:30:00.000Z,1602667800000.0,XAU,LBMA,EUR,1614.0,1634.7234,-20.7234,-1.284
2020-10-15T09:30:00.000Z,1602754200000.0,XAU,LBMA,EUR,1617.114,1621.1746,-4.0605,-0.2511
2020-10-16T09:30:00.000Z,1602840600000.0,XAU,LBMA,EUR,1625.2449,1611.1916,14.0533,0.8647
2020-10-17T09:30:00.000Z,1602927000000.0,XAU,LBMA,EUR,1625.2449,1625.2449,0.0,0.0
2020-10-18T09:30:00.000Z,1603013400000.0,XAU,LBMA,EUR,1625.2449,1625.2449,0.0,0.0
2020-10-19T09:30:00.000Z,1603099800000.0,XAU,LBMA,EUR,1620.7043,1619.1769,1.5274,0.0942
2020-10-20T09:30:00.000Z,1603186200000.0,XAU,LBMA,EUR,1614.1829,1617.2735,-3.0906,-0.1915
2020-10-21T09:30:00.000Z,1603272600000.0,XAU,LBMA,EUR,1619.0938,1608.4627,10.6311,0.6566
2020-10-22T09:30:00.000Z,1603359000000.0,XAU,LBMA,EUR,1621.5633,1623.3398,-1.7765,-0.1096
2020-10-23T09:30:00.000Z,1603445400000.0,XAU,LBMA,EUR,1611.5047,1616.7763,-5.2716,-0.3271
2020-10-24T09:30:00.000Z,1603531800000.0,XAU,LBMA,EUR,1611.5047,1611.5047,0.0,0.0
2020-10-25T10:30:00.000Z,1603621800000.0,XAU,LBMA,EUR,1611.5047,1611.5047,0.0,0.0
2020-10-26T10:30:00.000Z,1603708200000.0,XAU,LBMA,EUR,1608.9348,1616.5496,-7.6149,-0.4733
2020-10-27T10:30:00.000Z,1603794600000.0,XAU,LBMA,EUR,1604.8851,1607.1670000000001,-2.2819,-0.1422
2020-10-28T10:30:00.000Z,1603881000000.0,XAU,LBMA,EUR,1617.5066,1619.2547,-1.7481,-0.1081
2020-10-29T10:30:00.000Z,1603967400000.0,XAU,LBMA,EUR,1603.5971,1620.6852,-17.0882,-1.0656
2020-10-30T10:30:00.000Z,1604053800000.0,XAU,LBMA,EUR,1603.5220000000006,1604.4196,-0.8976,-0.055999999999999994
2020-10-31T10:30:00.000Z,1604140200000.0,XAU,LBMA,EUR,1603.5220000000006,1603.5220000000006,0.0,0.0
2020-11-01T10:30:00.000Z,1604226600000.0,XAU,LBMA,EUR,1603.5220000000006,1603.5220000000006,0.0,0.0
2020-11-02T10:30:00.000Z,1604313000000.0,XAU,LBMA,EUR,1619.2499,1609.8524,9.3975,0.5804
2020-11-03T10:30:00.000Z,1604399400000.0,XAU,LBMA,EUR,1623.5259,1612.3312,11.1947,0.6895
2020-11-04T10:30:00.000Z,1604485800000.0,XAU,LBMA,EUR,1620.8941,1620.8941,0.0,0.0
2020-11-05T10:30:00.000Z,1604572200000.0,XAU,LBMA,EUR,1616.8705,1602.5728,14.2978,0.8843
2020-11-06T10:30:00.000Z,1604658600000.0,XAU,LBMA,EUR,1641.0699,1614.8273,26.2426,1.5991
2020-11-07T10:30:00.000Z,1604745000000.0,XAU,LBMA,EUR,1641.0699,1641.0699,0.0,0.0
2020-11-08T10:30:00.000Z,1604831400000.0,XAU,LBMA,EUR,1641.0699,1641.0699,0.0,0.0
2020-11-09T10:30:00.000Z,1604917800000.0,XAU,LBMA,EUR,1647.2692,1639.2746,7.9946,0.4853
2020-11-10T10:30:00.000Z,1605004200000.0,XAU,LBMA,EUR,1587.8218,1657.7320000000002,-69.9102,-4.4029
2020-11-11T10:30:00.000Z,1605090600000.0,XAU,LBMA,EUR,1594.5946,1593.4897,1.1049,0.0693
2020-11-12T10:30:00.000Z,1605177000000.0,XAU,LBMA,EUR,1584.2592,1591.2136,-6.9545,-0.439
2020-11-13T10:30:00.000Z,1605263400000.0,XAU,LBMA,EUR,1589.6741,1581.0410000000006,8.6331,0.5431
2020-11-14T10:30:00.000Z,1605349800000.0,XAU,LBMA,EUR,1589.6741,1589.6741,0.0,0.0
2020-11-15T10:30:00.000Z,1605436200000.0,XAU,LBMA,EUR,1589.6741,1589.6741,0.0,0.0
2020-11-16T10:30:00.000Z,1605522600000.0,XAU,LBMA,EUR,1599.8309,1587.6585,12.1724,0.7609
2020-11-17T10:30:00.000Z,1605609000000.0,XAU,LBMA,EUR,1586.7699,1592.8295,-6.0596,-0.3819
2020-11-18T10:30:00.000Z,1605695400000.0,XAU,LBMA,EUR,1581.7324,1588.6417,-6.9093,-0.4368
2020-11-19T10:30:00.000Z,1605781800000.0,XAU,LBMA,EUR,1569.8107,1586.545,-16.7343,-1.0659999999999998
